brands_tags,groups,y,x,size
"Lotus","Leaders",22.5,29.8,1
"Chabrior","Leaders",23.8,33.7,1
"St Michel","Leaders",24.4,29.2,1
"Pepito","Leaders",20.7,34.7,1
"Cadbury","Leaders",21.5,27.8,1
"Mars","Leaders",26.3,36.8,1
"Lu","Leaders",22.5,33.5,1
"Mere Poulard","Leaders",23.6,39.8,1
"Michel Et Augustin","Leaders",25.6,31.9,1
"Kellogg S","Leaders",12,24.5,1
"Special K","Leaders",9,28,1
"Mikado","Leaders",22.7,37.6,1
"Whaou","Leaders",22,44,1
"Twix","Leaders",25.5,37.1,1
"Delacre","Leaders",21.9,39.9,1
"Belvita","Leaders",15.9,25,1
"Ferrero","Leaders",35.5,43.6,1
"Bonne Maman","Leaders",24.9,35,1
"Oreo","Leaders",20.9,38.6,1
"Milka","Leaders",24.3,35.8,1
"Bn","Leaders",19.9,33.1,1
"Pepperidge Farm","Leaders",25.8,37.8,1
"Cote D Or","Leaders",28.3,39.7,1
"Prince","Leaders",17.6,33,1
"Brun","Leaders",26,39,1
"Tresor,Kellogg S","Leaders",15,33,1
"Netto","Marques distributeur",22.9,33.4,1
"Monoprix","Marques distributeur",23,35.2,1
"Leader Price","Marques distributeur",23.3,36.1,1
"Dia","Marques distributeur",25.7,35.2,1
"Cora","Marques distributeur",24.6,33.7,1
"Franprix","Marques distributeur",26.3,37,1
"Leclerc","Marques distributeur",23.2,33.2,1
"Casino","Marques distributeur",24.3,35,1
"Carrefour Discount","Marques distributeur",22,38,1
"Carrefour","Marques distributeur",25.1,34.3,1
"Auchan","Marques distributeur",23.5,33.8,1
"U","Marques distributeur",25,35.5,1
"Leclerc Bio","Marques bio",26.3,28.5,1
"Bioshok,Markal","Marques bio",25.1,28.2,1
"Biocoop","Marques bio",24.4,34.9,1
"Cereal Bio","Marques bio",23.5,31.9,1
"Carrefour Bio","Marques bio",26.5,30.5,1
"U Bio","Marques bio",22.6,27,1
"Kalibio","Marques bio",26,29.3,1
"Bio La Vie","Marques bio",17.1,27.4,1
"Nature Bio","Marques bio",25,30.4,1
"Bonneterre","Marques bio",24,27,1
"Bjorg","Marques bio",23.4,26.6,1
"Lea Nature","Marques bio",22.7,9.7,1
"Monoprix Bio","Marques bio",20.5,29.5,1
"Gerble","Marques bio",19.5,21.7,1
"Eco","Premiers prix",17.4,44,1
"Tous Les Jours","Premiers prix",28,28,1
"Petit Ecolier","Premiers prix",24.5,39.5,1
"Choco Nussa","Premiers prix",21.9,37.6,1
"Mes P Tits Secrets","Premiers prix",25.7,32.8,1
"Winny","Premiers prix",21,36.1,1
"Sondey","Premiers prix",25.2,31.5,1
"Filet Bleu","Premiers prix",23.4,38.1,1
